downloaded,local_filename,journal,journal_code,publisher,title,authors,first_author,year,publication_date,doi,doi_url,openalex_id,volume,issue,first_page,last_page,landing_page_url,is_oa,oa_status,matched_terms,matched_fields,search_queries,discovery_strategies,metadata_sources,download_note,discipline,screening_decision,screening_note
no,,American Economic Journal: Applied Economics,aejapplied,American Economic Association,Labor Market Returns to Vocational Secondary Education,Mikko Silliman; Hanna Virtanen,silliman,2021,2021-12-29,10.1257/app.20190782,https://doi.org/10.1257/app.20190782,https://openalex.org/W4205632086,14,1,197,224,https://doi.org/10.1257/app.20190782,True,bronze,regression discontinuity; regression discontinuity design,abstract,RDD; regression discontinuity; regression discontinuity design,search,openalex,download skipped by config,economics,include,kept after title/abstract review as a substantive empirical article using RDD or a close related RD design
no,,American Economic Journal: Applied Economics,aejapplied,American Economic Association,The Origins of Common Identity: Evidence from Alsace-Lorraine,Sirus H. Dehdari; Kai Gehring,dehdari,2021,2021-12-29,10.1257/app.20190772,https://doi.org/10.1257/app.20190772,https://openalex.org/W4225559350,14,1,261,292,https://doi.org/10.1257/app.20190772,False,closed,regression discontinuity; regression discontinuity design,abstract,regression discontinuity; regression discontinuity design,search,openalex,download skipped by config,economics,include,kept after title/abstract review as a substantive empirical article using RDD or a close related RD design
no,,American Economic Journal: Applied Economics,aejapplied,American Economic Association,Health Insurance Design Meets Saving Incentives: Consumer Responses to Complex Contracts,Adam Leive,leive,2022,2022-03-30,10.1257/app.20200135,https://doi.org/10.1257/app.20200135,https://openalex.org/W4220970187,14,2,200,227,https://doi.org/10.1257/app.20200135,False,closed,regression discontinuity; regression discontinuity design,abstract,regression discontinuity; regression discontinuity design,bibliographic; search,crossref; openalex,download skipped by config,economics,include,kept after title/abstract review as a substantive empirical article using RDD or a close related RD design
no,,American Economic Journal: Applied Economics,aejapplied,American Economic Association,Mental Health Costs of Lockdowns: Evidence from Age-Specific Curfews in Turkey,Onur Altındağ; Bilge Erten; Pinar Keskin,altndag,2022,2022-03-30,10.1257/app.20200811,https://doi.org/10.1257/app.20200811,https://openalex.org/W4226179405,14,2,320,343,https://doi.org/10.1257/app.20200811,True,bronze,regression discontinuity; regression discontinuity design,abstract,regression discontinuity; regression discontinuity design,search,openalex,download skipped by config,economics,include,kept after title/abstract review as a substantive empirical article using RDD or a close related RD design
no,,American Economic Journal: Applied Economics,aejapplied,American Economic Association,Political Fragmentation and Government Stability: Evidence from Local Governments in Spain,Felipe Carozzi; Davide Cipullo; Luca Repetto,carozzi,2022,2022-03-30,10.1257/app.20200128,https://doi.org/10.1257/app.20200128,https://openalex.org/W3159623912,14,2,23,50,https://doi.org/10.1257/app.20200128,False,closed,regression discontinuity; regression discontinuity design,abstract,regression discontinuity; regression discontinuity design,search,openalex,download skipped by config,economics,include,kept after title/abstract review as a substantive empirical article using RDD or a close related RD design
no,,American Economic Journal: Applied Economics,aejapplied,American Economic Association,Will Studying Economics Make You Rich? A Regression Discontinuity Analysis of the Returns to College Major,Zachary Bleemer; Aashish Mehta,bleemer,2022,2022-03-30,10.1257/app.20200447,https://doi.org/10.1257/app.20200447,https://openalex.org/W4225926380,14,2,1,22,https://doi.org/10.1257/app.20200447,False,closed,regression discontinuity,title,regression discontinuity; regression discontinuity design,bibliographic; search; title_search,crossref; openalex,download skipped by config,economics,include,kept after title/abstract review as a substantive empirical article using RDD or a close related RD design
no,,American Economic Journal: Applied Economics,aejapplied,American Economic Association,High School Majors and Future Earnings,Gordon B. Dahl; Dan‐Olof Rooth; Anders Stenberg,dahl,2022,2022-12-30,10.1257/app.20210292,https://doi.org/10.1257/app.20210292,https://openalex.org/W4313410175,15,1,351,382,https://doi.org/10.1257/app.20210292,False,closed,regression discontinuity; regression discontinuity design,abstract,regression discontinuity; regression discontinuity design,search,openalex,download skipped by config,economics,include,kept after title/abstract review as a substantive empirical article using RDD or a close related RD design
no,,American Economic Journal: Applied Economics,aejapplied,American Economic Association,When Do Politicians Appeal Broadly? The Economic Consequences of Electoral Rules in Brazil,Moya Chin,chin,2023,2023-06-28,10.1257/app.20210529,https://doi.org/10.1257/app.20210529,https://openalex.org/W4382585149,15,3,183,209,https://doi.org/10.1257/app.20210529,False,closed,regression discontinuity; regression discontinuity design,abstract,regression discontinuity; regression discontinuity design,search,openalex,download skipped by config,economics,include,kept after title/abstract review as a substantive empirical article using RDD or a close related RD design
no,,American Economic Journal: Applied Economics,aejapplied,American Economic Association,Coordination and Bandwagon Effects: How Past Rankings Shape the Behavior of Voters and Candidates,Riako Granzier; Vincent Pons; Clémence Tricaud,granzier,2023,2023-09-28,10.1257/app.20210840,https://doi.org/10.1257/app.20210840,https://openalex.org/W4387133160,15,4,177,217,https://doi.org/10.1257/app.20210840,False,closed,regression discontinuity; regression discontinuity design,abstract,regression discontinuity; regression discontinuity design,search,openalex,download skipped by config,economics,include,kept after title/abstract review as a substantive empirical article using RDD or a close related RD design
no,,American Economic Journal: Applied Economics,aejapplied,American Economic Association,The Unintended Consequences of Test-Based Remediation,David Figlio; Umut Özek,figlio,2023,2023-12-27,10.1257/app.20210037,https://doi.org/10.1257/app.20210037,https://openalex.org/W4390291383,16,1,60,89,https://doi.org/10.1257/app.20210037,False,closed,regression discontinuity; regression discontinuity design,abstract,regression discontinuity; regression discontinuity design,search,openalex,download skipped by config,economics,include,kept after title/abstract review as a substantive empirical article using RDD or a close related RD design
no,,American Economic Journal: Applied Economics,aejapplied,American Economic Association,Distortion by Audit: Evidence from Public Procurement,María Paula Gerardino; Stephan Litschig; Dina Pomeranz,gerardino,2024,2024-09-26,10.1257/app.20220512,https://doi.org/10.1257/app.20220512,https://openalex.org/W3122831527,16,4,71,108,https://doi.org/10.1257/app.20220512,False,closed,regression discontinuity,abstract,regression discontinuity,search,openalex,download skipped by config,economics,include,kept after title/abstract review as a substantive empirical article using RDD or a close related RD design
no,,American Economic Journal: Applied Economics,aejapplied,American Economic Association,The Simpler the Better? Threshold Effects of Energy Labels on Property Prices and Energy Efficiency Investments,Rodolfo Sejas‐Portillo; Mirko Moro; Till Stowasser,sejasportillo,2024,2024-12-31,10.1257/app.20220329,https://doi.org/10.1257/app.20220329,https://openalex.org/W4405921157,17,1,41,89,"http://eprints.gla.ac.uk/view/author/78656.html>,",True,green,regression discontinuity; regression discontinuity design,abstract,RDD; regression discontinuity; regression discontinuity design,search,openalex,download skipped by config,economics,include,kept after title/abstract review as a substantive empirical article using RDD or a close related RD design
no,,American Economic Journal: Applied Economics,aejapplied,American Economic Association,New Gig Work or Changes in Reporting? Understanding Self-Employment Trends in Tax Data,Andrew Garin; Emilie Jackson; Dmitri Koustas,garin,2025,2025-06-26,10.1257/app.20220483,https://doi.org/10.1257/app.20220483,https://openalex.org/W4411672045,17,3,236,270,https://doi.org/10.1257/app.20220483,False,closed,regression discontinuity; regression discontinuity design,abstract,regression discontinuity; regression discontinuity design,search,openalex,download skipped by config,economics,include,kept after title/abstract review as a substantive empirical article using RDD or a close related RD design
no,,American Economic Journal: Economic Policy,aejpolicy,American Economic Association,Does the Individual Mandate Affect Insurance Coverage? Evidence from Tax Returns,Ithai Z. Lurie; Daniel W. Sacks; Bradley T. Heim,lurie,2021,2021-04-30,10.1257/pol.20180619,https://doi.org/10.1257/pol.20180619,https://openalex.org/W3158091529,13,2,378,407,https://doi.org/10.1257/pol.20180619,False,closed,regression discontinuity,abstract,regression discontinuity,search,openalex,download skipped by config,economics,include,kept after title/abstract review as a substantive empirical article using RDD or a close related RD design
no,,American Economic Journal: Economic Policy,aejpolicy,American Economic Association,Long-Term Contextual Effects in Education: Schools and Neighborhoods,Jean‐William Laliberté,laliberte,2021,2021-04-30,10.1257/pol.20190257,https://doi.org/10.1257/pol.20190257,https://openalex.org/W3168592551,13,2,336,377,https://doi.org/10.1257/pol.20190257,True,bronze,regression-discontinuity; regression-discontinuity design,abstract,regression discontinuity; regression discontinuity design,search,openalex,download skipped by config,economics,include,kept after title/abstract review as a substantive empirical article using RDD or a close related RD design
no,,American Economic Journal: Economic Policy,aejpolicy,American Economic Association,School Spending and Student Outcomes: Evidence from Revenue Limit Elections in Wisconsin,Enrique Barón,baron,2022,2022-02-01,10.1257/pol.20200226,https://doi.org/10.1257/pol.20200226,https://openalex.org/W4226494150,14,1,1,39,https://doi.org/10.1257/pol.20200226,False,closed,regression discontinuity,abstract,regression discontinuity,search,openalex,download skipped by config,economics,include,kept after title/abstract review as a substantive empirical article using RDD or a close related RD design
no,,American Economic Journal: Economic Policy,aejpolicy,American Economic Association,Political Parties Do Matter in US Cities … for Their Unfunded Pensions,Christian Dippel,dippel,2022,2022-07-29,10.1257/pol.20190480,https://doi.org/10.1257/pol.20190480,https://openalex.org/W4288683690,14,3,33,54,https://doi.org/10.1257/pol.20190480,False,closed,regression discontinuity; regression discontinuity design,abstract,regression discontinuity; regression discontinuity design,search,openalex,download skipped by config,economics,include,kept after title/abstract review as a substantive empirical article using RDD or a close related RD design
no,,American Economic Journal: Economic Policy,aejpolicy,American Economic Association,Gerrymandering in State Legislatures: Frictions from Axiomatic Bargaining,Hisam Sabouni; Cameron A. Shelton,sabouni,2022,2022-10-28,10.1257/pol.20190213,https://doi.org/10.1257/pol.20190213,https://openalex.org/W4307711423,14,4,519,542,https://doi.org/10.1257/pol.20190213,False,closed,regression discontinuity; regression discontinuity design,abstract,regression discontinuity; regression discontinuity design,search,openalex,download skipped by config,economics,include,kept after title/abstract review as a substantive empirical article using RDD or a close related RD design
no,,American Economic Journal: Economic Policy,aejpolicy,American Economic Association,Employed in a SNAP? The Impact of Work Requirements on Program Participation and Labor Supply,Colin Gray; Adam Leive; Elena Prager; Kelsey Pukelis; Mary Zaki,gray,2023,2023-01-31,10.1257/pol.20200561,https://doi.org/10.1257/pol.20200561,https://openalex.org/W3175684030,15,1,306,341,https://doi.org/10.1257/pol.20200561,False,closed,regression discontinuity; regression discontinuity design,abstract,regression discontinuity; regression discontinuity design,search,openalex,download skipped by config,economics,include,kept after title/abstract review as a substantive empirical article using RDD or a close related RD design
no,,American Economic Journal: Economic Policy,aejpolicy,American Economic Association,Health Effects of Increasing Income for the Elderly: Evidence from a Chilean Pension Program,Enrico Miglino; Nicolás Navarrete H.; Gonzalo Navarrete H.; Pablo Navarrete H.,miglino,2023,2023-01-31,10.1257/pol.20200076,https://doi.org/10.1257/pol.20200076,https://openalex.org/W4318620232,15,1,370,393,"https://openaccess.city.ac.uk/view/creators_id/nicolas=2Enavarrete-hernandez.html>,",True,green,regression discontinuity; regression discontinuity design,abstract,regression discontinuity; regression discontinuity design,search,openalex,download skipped by config,economics,include,kept after title/abstract review as a substantive empirical article using RDD or a close related RD design
no,,American Economic Journal: Economic Policy,aejpolicy,American Economic Association,Voting for Democracy: Chile’s Plebiscito and the Electoral Participation of a Generation,Ethan Kaplan; Fernando Saltiel; Sergio Urzúa,kaplan,2023,2023-07-31,10.1257/pol.20210338,https://doi.org/10.1257/pol.20210338,https://openalex.org/W3181328147,15,3,438,464,http://dx.doi.org/10.1257/pol.20210338,False,closed,regression discontinuity; regression discontinuity design,abstract,regression discontinuity; regression discontinuity design,search,openalex,download skipped by config,economics,include,kept after title/abstract review as a substantive empirical article using RDD or a close related RD design
no,,American Economic Journal: Economic Policy,aejpolicy,American Economic Association,"Do Tax Incentives Increase Firm Innovation? An RD Design for R&amp;D, Patents, and Spillovers",Antoine Dechezleprêtre; Elias Einiö; Ralf Martin; Kieu-Trang Nguyen; John Van Reenen,dechezlepretre,2023,2023-10-31,10.1257/pol.20200739,https://doi.org/10.1257/pol.20200739,https://openalex.org/W4388078462,15,4,486,521,https://doi.org/10.1257/pol.20200739,False,closed,regression discontinuity; regression discontinuity design,abstract,regression discontinuity; regression discontinuity design,bibliographic; search,crossref; openalex,download skipped by config,economics,include,kept after title/abstract review as a substantive empirical article using RDD or a close related RD design
no,,American Economic Journal: Economic Policy,aejpolicy,American Economic Association,Increasing the Retirement Age: Policy Effects and Underlying Mechanisms,Simon Rabaté; Egbert Jongen; Tilbe Atav,rabate,2024,2024-01-31,10.1257/pol.20210101,https://doi.org/10.1257/pol.20210101,https://openalex.org/W4391386992,16,1,259,291,https://doi.org/10.1257/pol.20210101,False,closed,regression discontinuity; regression discontinuity design,abstract,regression discontinuity; regression discontinuity design,search,openalex,download skipped by config,economics,include,kept after title/abstract review as a substantive empirical article using RDD or a close related RD design
no,,American Economic Journal: Economic Policy,aejpolicy,American Economic Association,Public Pensions and Private Savings,Esteban García‐Miralles; Jonathan M. Leganza,garciamiralles,2024,2024-05-01,10.1257/pol.20220019,https://doi.org/10.1257/pol.20220019,https://openalex.org/W3162839958,16,2,366,405,https://doi.org/10.1257/pol.20220019,False,closed,regression discontinuity; regression discontinuity design,abstract,regression discontinuity; regression discontinuity design,search,openalex,download skipped by config,economics,include,kept after title/abstract review as a substantive empirical article using RDD or a close related RD design
no,,American Economic Journal: Economic Policy,aejpolicy,American Economic Association,Intergenerational and Sibling Spillovers in High School Majors,Gordon B. Dahl; Dan‐Olof Rooth; Anders Stenberg,dahl,2024,2024-07-31,10.1257/pol.20220197,https://doi.org/10.1257/pol.20220197,https://openalex.org/W4401178987,16,3,133,173,https://doi.org/10.1257/pol.20220197,False,closed,regression discontinuity; regression discontinuity design,abstract,regression discontinuity; regression discontinuity design,search,openalex,download skipped by config,economics,include,kept after title/abstract review as a substantive empirical article using RDD or a close related RD design
no,,American Economic Journal: Economic Policy,aejpolicy,American Economic Association,"Rural Roads, Farm Labor Exits, and Crop Fires",Teevrat Garg; Maulik Jagnani; Hemant Pullabhotla,garg,2024,2024-07-31,10.1257/pol.20220422,https://doi.org/10.1257/pol.20220422,https://openalex.org/W4401177600,16,3,420,450,https://doi.org/10.1257/pol.20220422,False,closed,regression discontinuity; regression discontinuity design,abstract,regression discontinuity; regression discontinuity design,search,openalex,download skipped by config,economics,include,kept after title/abstract review as a substantive empirical article using RDD or a close related RD design
no,,American Economic Journal: Economic Policy,aejpolicy,American Economic Association,The Long-Run Effects of California’s Paid Family Leave Act on Women’s Careers and Childbearing: New Evidence from a Regression Discontinuity Design and US Tax Data,Martha Bailey; Tanya Byker; Elena Patel; Shanthi Ramnath,bailey,2025,2025-01-31,10.1257/pol.20200277,https://doi.org/10.1257/pol.20200277,https://openalex.org/W4407035699,17,1,401,431,https://doi.org/10.1257/pol.20200277,False,closed,regression discontinuity; regression discontinuity design; regression-discontinuity; regression-discontinuity design,abstract; title,regression discontinuity; regression discontinuity design,bibliographic; search; title_search,crossref; openalex,download skipped by config,economics,include,kept after title/abstract review as a substantive empirical article using RDD or a close related RD design
no,,American Economic Journal: Economic Policy,aejpolicy,American Economic Association,Do Tuition Subsidies Raise Political Participation?,Daniel Firoozi; Igor Geyn,firoozi,2025,2025-10-29,10.1257/pol.20240422,https://doi.org/10.1257/pol.20240422,https://openalex.org/W4415659127,17,4,354,378,https://doi.org/10.1257/pol.20240422,False,closed,regression discontinuity,abstract,regression discontinuity; regression discontinuity design,search,openalex,download skipped by config,economics,include,kept after title/abstract review as a substantive empirical article using RDD or a close related RD design
no,,American Economic Journal: Economic Policy,aejpolicy,American Economic Association,Plata y Plomo: How Higher Wages Expose Politicians to Criminal Violence,Massimo Pulejo; Pablo Querubín,pulejo,2026,2026-01-29,10.1257/pol.20240383,https://doi.org/10.1257/pol.20240383,https://openalex.org/W7126013605,18,1,190,218,https://doi.org/10.1257/pol.20240383,False,closed,regression discontinuity; regression discontinuity design,abstract,regression discontinuity; regression discontinuity design,search,openalex,download skipped by config,economics,include,kept after title/abstract review as a substantive empirical article using RDD or a close related RD design
no,,American Economic Journal: Economic Policy,aejpolicy,American Economic Association,Polling Place Location and the Costs of Voting,Gaurav R Bagwe; Juan Margitic; Allison Stashko,bagwe,2026,2026-01-29,10.1257/pol.20220435,https://doi.org/10.1257/pol.20220435,https://openalex.org/W7126049005,18,1,219,255,https://doi.org/10.1257/pol.20220435,False,closed,regression discontinuity; regression discontinuity design,abstract,regression discontinuity; regression discontinuity design,search,openalex,download skipped by config,economics,include,kept after title/abstract review as a substantive empirical article using RDD or a close related RD design
no,,American Economic Journal: Microeconomics,aejmicro,American Economic Association,A New Era of Midnight Mergers: Antitrust Risk and Investor Disclosures,John Manuel Barrios; Thomas Wollmann,barrios,2024,2024-10-29,10.1257/mic.20220064,https://doi.org/10.1257/mic.20220064,https://openalex.org/W4403871810,16,4,77,111,https://doi.org/10.1257/mic.20220064,False,closed,regression discontinuity,abstract,regression discontinuity,search,openalex,download skipped by config,economics,include,kept after title/abstract review as a substantive empirical article using RDD or a close related RD design
no,,American Economic Review,aer,American Economic Association,"Political Turnover, Bureaucratic Turnover, and the Quality of Public Services",Mitra Akhtari; Diana Moreira; Laura Trucco,akhtari,2022,2022-01-28,10.1257/aer.20171867,https://doi.org/10.1257/aer.20171867,https://openalex.org/W3124765710,112,2,442,493,https://doi.org/10.1257/aer.20171867,False,closed,regression discontinuity; regression discontinuity design,abstract,regression discontinuity; regression discontinuity design,search,openalex,download skipped by config,economics,include,kept after title/abstract review as a substantive empirical article using RDD or a close related RD design
no,,American Economic Review,aer,American Economic Association,Factor Market Failures and the Adoption of Irrigation in Rwanda,Maria Jones; Florence Kondylis; John Loeser; Jeremy Magruder,jones,2022,2022-06-29,10.1257/aer.20210059,https://doi.org/10.1257/aer.20210059,https://openalex.org/W4295883415,112,7,2316,2352,https://doi.org/10.1257/aer.20210059,False,closed,regression discontinuity; regression discontinuity design,abstract,regression discontinuity; regression discontinuity design,search,openalex,download skipped by config,economics,include,kept after title/abstract review as a substantive empirical article using RDD or a close related RD design
no,,American Economic Review,aer,American Economic Association,Keep Your Enemies Closer: Strategic Platform Adjustments during US and French Elections,Rafael Di Tella; Randy Kotti; Caroline Le Pennec; Vincent Pons,tella,2025,2025-07-31,10.1257/aer.20231045,https://doi.org/10.1257/aer.20231045,https://openalex.org/W4412789367,115,8,2488,2528,https://doi.org/10.1257/aer.20231045,False,closed,RDD,abstract,RDD,search,openalex,download skipped by config,economics,include,kept after title/abstract review as a substantive empirical article using RDD or a close related RD design
no,,American Economic Review Insights,aejinsights,American Economic Association,Can Technology Solve the Principal-Agent Problem? Evidence from China’s War on Air Pollution,Michael Greenstone; Guojun He; Ruixue Jia; Tong Liu,greenstone,2022,2022-02-25,10.1257/aeri.20200373,https://doi.org/10.1257/aeri.20200373,https://openalex.org/W3138555112,4,1,54,70,https://doi.org/10.1257/aeri.20200373,False,closed,regression discontinuity,abstract,regression discontinuity,search,openalex,download skipped by config,economics,include,kept after title/abstract review as a substantive empirical article using RDD or a close related RD design
no,,American Economic Review Insights,aejinsights,American Economic Association,The Impact of Financial Assistance Programs on Health Care Utilization: Evidence from Kaiser Permanente,Alyce S. Adams; Raymond Kluender; Neale Mahoney; Jinglin Wang; Francis Wong; Wesley Yin,adams,2022,2022-08-31,10.1257/aeri.20210515,https://doi.org/10.1257/aeri.20210515,https://openalex.org/W4293761870,4,3,389,407,https://www.ncbi.nlm.nih.gov/pmc/articles/9634821,True,green,regression discontinuity; regression discontinuity design,abstract,regression discontinuity; regression discontinuity design,search,openalex,download skipped by config,economics,include,kept after title/abstract review as a substantive empirical article using RDD or a close related RD design
no,,American Economic Review Insights,aejinsights,American Economic Association,The Impact of Criminal Financial Sanctions: A Multistate Analysis of Survey and Administrative Data,Keith Finlay; Matthew Gross; Carl Lieberman; Elizabeth Luh; Michael Mueller‐Smith,finlay,2024,2024-11-26,10.1257/aeri.20230413,https://doi.org/10.1257/aeri.20230413,https://openalex.org/W4404712804,6,4,490,508,https://doi.org/10.1257/aeri.20230413,False,closed,regression discontinuity; regression discontinuity design,abstract,regression discontinuity; regression discontinuity design,search,openalex,download skipped by config,economics,include,kept after title/abstract review as a substantive empirical article using RDD or a close related RD design
no,,American Economic Review Insights,aejinsights,American Economic Association,Breadwinner’s Burden: The Effect of Financial Concerns on Sleeplessness,Claire Duquennois; Maulik Jagnani,duquennois,2026,2026-02-25,10.1257/aeri.20240312,https://doi.org/10.1257/aeri.20240312,https://openalex.org/W7131362945,8,1,53,71,https://doi.org/10.1257/aeri.20240312,False,closed,regression discontinuity; regression discontinuity design,abstract,regression discontinuity; regression discontinuity design,search,openalex,download skipped by config,economics,include,kept after title/abstract review as a substantive empirical article using RDD or a close related RD design
no,,Econometrica,econometrica,Wiley,"Multinationals, Monopsony, and Local Development: Evidence From the United Fruit Company",Esteban Méndez; Diana Van Patten,mendez,2022,2022-01-01,10.3982/ecta19514,https://doi.org/10.3982/ecta19514,https://openalex.org/W4313133210,90,6,2685,2721,https://doi.org/10.3982/ecta19514,False,closed,regression discontinuity; regression discontinuity design,abstract,regression discontinuity; regression discontinuity design,search,openalex,download skipped by config,economics,include,kept after title/abstract review as a substantive empirical article using RDD or a close related RD design
no,,Econometrica,econometrica,Wiley,The Effect of Job Loss and Unemployment Insurance on Crime in Brazil,Diogo G. C. Britto; Paolo Pinotti; Breno Sampaio,britto,2022,2022-01-01,10.3982/ecta18984,https://doi.org/10.3982/ecta18984,https://openalex.org/W4286375046,90,4,1393,1423,https://hdl.handle.net/10281/429300,True,green,regression discontinuity,abstract,regression discontinuity; regression discontinuity design,search,openalex,download skipped by config,economics,include,kept after title/abstract review as a substantive empirical article using RDD or a close related RD design
no,,Econometrica,econometrica,Wiley,"Connecting to Power: Political Connections, Innovation, and Firm Dynamics",Ufuk Akcigit; Salomé Baslandze; Francesca Lotti,akcigit,2023,2023-01-01,10.3982/ecta18338,https://doi.org/10.3982/ecta18338,https://openalex.org/W4324122907,91,2,529,564,https://doi.org/10.3982/ecta18338,True,bronze,regression discontinuity; regression discontinuity design,abstract,regression discontinuity; regression discontinuity design,search,openalex,download skipped by config,economics,include,kept after title/abstract review as a substantive empirical article using RDD or a close related RD design
no,,Econometrica,econometrica,Wiley,Making Subsidies Work: Rules versus Discretion,Federico Cingano; Filippo Palomba; Paolo Pinotti; Enrico Rettore,cingano,2025,2025-01-01,10.3982/ecta21319,https://doi.org/10.3982/ecta21319,https://openalex.org/W4410940487,93,3,747,778,https://doi.org/10.3982/ecta21319,True,hybrid,regression discontinuity; regression discontinuity design,abstract,regression discontinuity; regression discontinuity design,search,openalex,download skipped by config,economics,include,kept after title/abstract review as a substantive empirical article using RDD or a close related RD design
no,,Journal of Development Economics,jde,Elsevier,The impact of cash transfers on Syrian refugees in Lebanon: Evidence from a multidimensional regression discontinuity design,Nisreen Salti; Jad Chaaban; Wael Moussa; Alexandra Irani; Rima Al Mokdad; Zeina Jamaluddine; Hala Ghattas,salti,2021,2021-12-16,10.1016/j.jdeveco.2021.102803,https://doi.org/10.1016/j.jdeveco.2021.102803,https://openalex.org/W4200394833,155,,102803,102803,https://doi.org/10.1016/j.jdeveco.2021.102803,False,closed,regression discontinuity; regression discontinuity design,title,regression discontinuity; regression discontinuity design,bibliographic; search; title_search,crossref; openalex,download skipped by config,economics,include,kept after title/abstract review as a substantive empirical article using RDD or a close related RD design
no,,Journal of Development Economics,jde,Elsevier,"Incentives, penalties, and rural air pollution: Evidence from satellite data",Yongwei Nian,nian,2023,2023-01-14,10.1016/j.jdeveco.2023.103049,https://doi.org/10.1016/j.jdeveco.2023.103049,https://openalex.org/W4316126917,161,,103049,103049,https://doi.org/10.1016/j.jdeveco.2023.103049,True,hybrid,regression discontinuity; regression discontinuity design,abstract,regression discontinuity; regression discontinuity design,search,openalex,download skipped by config,economics,include,kept after title/abstract review as a substantive empirical article using RDD or a close related RD design
no,,Journal of Development Economics,jde,Elsevier,Fighting violence against women: The role of female political representation,Alena Bochenkova; Paolo Buonanno; Sergio Galletta,bochenkova,2023,2023-07-07,10.1016/j.jdeveco.2023.103140,https://doi.org/10.1016/j.jdeveco.2023.103140,https://openalex.org/W4383558743,164,,103140,103140,https://doi.org/10.1016/j.jdeveco.2023.103140,True,hybrid,regression discontinuity; regression discontinuity design,abstract,RDD; regression discontinuity; regression discontinuity design,search,openalex,download skipped by config,economics,include,kept after title/abstract review as a substantive empirical article using RDD or a close related RD design
no,,Journal of Development Economics,jde,Elsevier,Evaluating the impact of general versus vocational education on labor market outcomes in Egypt by means of a regression discontinuity design,Johanna Kemper; Ursula Renold,kemper,2023,2023-08-20,10.1016/j.jdeveco.2023.103172,https://doi.org/10.1016/j.jdeveco.2023.103172,https://openalex.org/W4386012838,166,,103172,103172,https://doi.org/10.1016/j.jdeveco.2023.103172,True,hybrid,RDD; regression discontinuity; regression discontinuity design,abstract; title,RDD; regression discontinuity; regression discontinuity design,bibliographic; search; title_search,crossref; openalex,download skipped by config,economics,include,kept after title/abstract review as a substantive empirical article using RDD or a close related RD design
no,,Journal of Development Economics,jde,Elsevier,The long-term welfare effects of colonial institutions: Evidence from Central India,Marco Colleoni,colleoni,2023,2023-10-12,10.1016/j.jdeveco.2023.103170,https://doi.org/10.1016/j.jdeveco.2023.103170,https://openalex.org/W4387582120,166,,103170,103170,https://doi.org/10.1016/j.jdeveco.2023.103170,True,hybrid,RDD,abstract,RDD,search,openalex,download skipped by config,economics,include,kept after title/abstract review as a substantive empirical article using RDD or a close related RD design
no,,Journal of Development Economics,jde,Elsevier,Persistent effects of colonial land tenure institutions: Village-level evidence from India,Vigyan D. Ratnoo,ratnoo,2023,2023-12-23,10.1016/j.jdeveco.2023.103247,https://doi.org/10.1016/j.jdeveco.2023.103247,https://openalex.org/W4390155052,168,,103247,103247,https://doi.org/10.1016/j.jdeveco.2023.103247,True,hybrid,regression discontinuity,abstract,regression discontinuity,search,openalex,download skipped by config,economics,include,kept after title/abstract review as a substantive empirical article using RDD or a close related RD design
no,,Journal of Development Economics,jde,Elsevier,Evaluating the labor supply implications of a cash transfer program: Evidence from China,Jie‐Sheng Tan‐Soo; Mingda Cheng; Shuai Chen,tansoo,2025,2025-04-08,10.1016/j.jdeveco.2025.103513,https://doi.org/10.1016/j.jdeveco.2025.103513,https://openalex.org/W4409248538,176,,103513,103513,https://doi.org/10.1016/j.jdeveco.2025.103513,True,hybrid,regression discontinuity; regression discontinuity design,abstract,regression discontinuity; regression discontinuity design,search,openalex,download skipped by config,economics,include,kept after title/abstract review as a substantive empirical article using RDD or a close related RD design
no,,Journal of Development Economics,jde,Elsevier,Do minimum wage hikes lead to employment destruction? Evidence from a regression discontinuity design in Argentina,Nicolás Abbate; Bruno Jiménez,abbate,2025,2025-07-08,10.1016/j.jdeveco.2025.103558,https://doi.org/10.1016/j.jdeveco.2025.103558,https://openalex.org/W4412106133,178,,103558,103558,https://doi.org/10.1016/j.jdeveco.2025.103558,False,closed,regression discontinuity; regression discontinuity design,title,regression discontinuity; regression discontinuity design,bibliographic; search; title_search,crossref; openalex,download skipped by config,economics,include,kept after title/abstract review as a substantive empirical article using RDD or a close related RD design
no,,Journal of Development Economics,jde,Elsevier,Foreign interventions and community cohesion in times of conflict,Sarah Langlotz,langlotz,2026,2026-02-19,10.1016/j.jdeveco.2026.103751,https://doi.org/10.1016/j.jdeveco.2026.103751,https://openalex.org/W7130540041,182,,103751,103751,https://doi.org/10.1016/j.jdeveco.2026.103751,True,hybrid,regression discontinuity; regression discontinuity design,abstract,regression discontinuity; regression discontinuity design,search,openalex,download skipped by config,economics,include,kept after title/abstract review as a substantive empirical article using RDD or a close related RD design
no,,Journal of Political Economy,jpe,University of Chicago Press,Do Environmental Markets Improve on Open Access? Evidence from California Groundwater Rights,Andrew Ayres; Kyle C. Meng; Andrew J. Plantinga,ayres,2021,2021-04-26,10.1086/715075,https://doi.org/10.1086/715075,https://openalex.org/W3184770987,129,10,2817,2860,https://doi.org/10.1086/715075,False,closed,regression discontinuity; regression discontinuity design,abstract,regression discontinuity; regression discontinuity design,search,openalex,download skipped by config,economics,include,kept after title/abstract review as a substantive empirical article using RDD or a close related RD design
no,,Journal of Political Economy,jpe,University of Chicago Press,How Does Incarceration Affect Reoffending? Estimating the Dose-Response Function,Evan K. Rose; Yotam Shem-Tov,rose,2021,2021-07-21,10.1086/716561,https://doi.org/10.1086/716561,https://openalex.org/W3184421526,129,12,3302,3356,https://doi.org/10.1086/716561,False,closed,regression discontinuity,abstract,regression discontinuity,search,openalex,download skipped by config,economics,include,kept after title/abstract review as a substantive empirical article using RDD or a close related RD design
no,,Journal of Political Economy,jpe,University of Chicago Press,Large-Scale Education Reform in General Equilibrium: Regression Discontinuity Evidence from India,Gaurav Khanna,khanna,2022,2022-06-29,10.1086/721619,https://doi.org/10.1086/721619,https://openalex.org/W4283722583,131,2,549,591,https://doi.org/10.1086/721619,False,closed,regression discontinuity,abstract; title,regression discontinuity; regression discontinuity design,bibliographic; search; title_search,crossref; openalex,download skipped by config,economics,include,kept after title/abstract review as a substantive empirical article using RDD or a close related RD design
no,,Journal of Political Economy,jpe,University of Chicago Press,Out of the Darkness and into the Light? Development Effects of Rural Electrification,Fiona Burlig; Louis Preonas,burlig,2024,2024-02-27,10.1086/730204,https://doi.org/10.1086/730204,https://openalex.org/W4392200963,132,9,2937,2971,https://doi.org/10.1086/730204,False,closed,regression-discontinuity,abstract,regression discontinuity,search,openalex,download skipped by config,economics,include,kept after title/abstract review as a substantive empirical article using RDD or a close related RD design
no,,Journal of Public Economics,jpubeco,Elsevier,The effects of middle school remediation on postsecondary success: Regression discontinuity evidence from Florida,Umut Özek,ozek,2021,2021-09-27,10.1016/j.jpubeco.2021.104518,https://doi.org/10.1016/j.jpubeco.2021.104518,https://openalex.org/W3202079142,203,,104518,104518,https://doi.org/10.1016/j.jpubeco.2021.104518,False,closed,regression discontinuity,title,regression discontinuity; regression discontinuity design,bibliographic; search; title_search,crossref; openalex,download skipped by config,economics,include,kept after title/abstract review as a substantive empirical article using RDD or a close related RD design
no,,Journal of Public Economics,jpubeco,Elsevier,The political consequences of resource scarcity: Targeted spending in a water-stressed democracy,Meera Mahadevan; Ajay Shenoy,mahadevan,2023,2023-02-27,10.1016/j.jpubeco.2023.104842,https://doi.org/10.1016/j.jpubeco.2023.104842,https://openalex.org/W4322490929,220,,104842,104842,https://doi.org/10.1016/j.jpubeco.2023.104842,True,hybrid,regression discontinuity,abstract,regression discontinuity,search,openalex,download skipped by config,economics,include,kept after title/abstract review as a substantive empirical article using RDD or a close related RD design
no,,Journal of Public Economics,jpubeco,Elsevier,The long run effects of de jure discrimination in the credit market: How redlining increased crime,John Anders,anders,2023,2023-04-05,10.1016/j.jpubeco.2023.104857,https://doi.org/10.1016/j.jpubeco.2023.104857,https://openalex.org/W4362631132,222,,104857,104857,https://doi.org/10.1016/j.jpubeco.2023.104857,True,hybrid,regression discontinuity,abstract,regression discontinuity,search,openalex,download skipped by config,economics,include,kept after title/abstract review as a substantive empirical article using RDD or a close related RD design
no,,Journal of Public Economics,jpubeco,Elsevier,"Powers that be? Political alignment, government formation, and government stability",Felipe Carozzi; Davide Cipullo; Luca Repetto,carozzi,2023,2023-12-20,10.1016/j.jpubeco.2023.105017,https://doi.org/10.1016/j.jpubeco.2023.105017,https://openalex.org/W4390022376,230,,105017,105017,https://doi.org/10.1016/j.jpubeco.2023.105017,True,hybrid,regression discontinuity; regression discontinuity design,abstract,RDD; regression discontinuity; regression discontinuity design,search,openalex,download skipped by config,economics,include,kept after title/abstract review as a substantive empirical article using RDD or a close related RD design
no,,Journal of Public Economics,jpubeco,Elsevier,The political economy of coastal development,Pierre Magontier; Albert Solé‐Ollé; Elisabet Viladecans‐Marsal,magontier,2024,2024-07-30,10.1016/j.jpubeco.2024.105178,https://doi.org/10.1016/j.jpubeco.2024.105178,https://openalex.org/W3130999077,238,,105178,105178,https://doi.org/10.1016/j.jpubeco.2024.105178,True,hybrid,regression discontinuity; regression discontinuity design,abstract,regression discontinuity; regression discontinuity design,search,openalex,download skipped by config,economics,include,kept after title/abstract review as a substantive empirical article using RDD or a close related RD design
no,,Journal of Public Economics,jpubeco,Elsevier,Paving the road to re-election,Camille Boudot-Reddy; André Butler,boudot_reddy,2024,2024-09-19,10.1016/j.jpubeco.2024.105228,https://doi.org/10.1016/j.jpubeco.2024.105228,https://openalex.org/W4402632578,239,,105228,105228,https://doi.org/10.1016/j.jpubeco.2024.105228,True,hybrid,regression discontinuity; regression discontinuity design,abstract,regression discontinuity; regression discontinuity design,search,openalex,download skipped by config,economics,include,kept after title/abstract review as a substantive empirical article using RDD or a close related RD design
no,,Journal of Public Economics,jpubeco,Elsevier,Do second chances pay off? Evidence from a natural experiment with low-achieving students,Aspasia Bizopoulou; Rigissa Megalokonomou; Ştefania Simion,bizopoulou,2024,2024-10-23,10.1016/j.jpubeco.2024.105214,https://doi.org/10.1016/j.jpubeco.2024.105214,https://openalex.org/W4403666091,239,,105214,105214,https://doi.org/10.1016/j.jpubeco.2024.105214,True,hybrid,regression discontinuity; regression discontinuity design,abstract,regression discontinuity; regression discontinuity design,search,openalex,download skipped by config,economics,include,kept after title/abstract review as a substantive empirical article using RDD or a close related RD design
no,,Journal of Public Economics,jpubeco,Elsevier,Reducing child marriages through CCTs: Evidence from a large-scale policy intervention in Indonesia,Jan Priebe; Sudarno Sumarto,priebe,2025,2025-01-20,10.1016/j.jpubeco.2025.105306,https://doi.org/10.1016/j.jpubeco.2025.105306,https://openalex.org/W4406632361,242,,105306,105306,https://doi.org/10.1016/j.jpubeco.2025.105306,True,hybrid,regression discontinuity; regression discontinuity design,abstract,regression discontinuity; regression discontinuity design,search,openalex,download skipped by config,economics,include,kept after title/abstract review as a substantive empirical article using RDD or a close related RD design
no,,Journal of Public Economics,jpubeco,Elsevier,The employment effects of a pandemic wage subsidy,Michael Smart; Matthew Kronberg; Josip Lesica; Huju Liu,smart,2025,2025-04-19,10.1016/j.jpubeco.2025.105358,https://doi.org/10.1016/j.jpubeco.2025.105358,https://openalex.org/W4409578397,246,,105358,105358,https://doi.org/10.1016/j.jpubeco.2025.105358,True,hybrid,regression discontinuity,abstract,regression discontinuity,search,openalex,download skipped by config,economics,include,kept after title/abstract review as a substantive empirical article using RDD or a close related RD design
no,,Journal of Public Economics,jpubeco,Elsevier,Private response to exclusionary welfare policy: Evidence from Italian municipalities,Massimo Pulejo,pulejo,2025,2025-06-17,10.1016/j.jpubeco.2025.105425,https://doi.org/10.1016/j.jpubeco.2025.105425,https://openalex.org/W4411361272,248,,105425,105425,https://doi.org/10.1016/j.jpubeco.2025.105425,True,hybrid,regression discontinuity; regression discontinuity design,abstract,regression discontinuity; regression discontinuity design,search,openalex,download skipped by config,economics,include,kept after title/abstract review as a substantive empirical article using RDD or a close related RD design
no,,Journal of Public Economics,jpubeco,Elsevier,Dependent insurance coverage and parental job lock: Evidence from the Affordable Care Act,Hannah Bae; Katherine Meckel; Maggie Shi,bae,2025,2025-07-04,10.1016/j.jpubeco.2025.105439,https://doi.org/10.1016/j.jpubeco.2025.105439,https://openalex.org/W4412018486,248,,105439,105439,https://doi.org/10.1016/j.jpubeco.2025.105439,True,hybrid,regression discontinuity; regression discontinuity design,abstract,regression discontinuity; regression discontinuity design,search,openalex,download skipped by config,economics,include,kept after title/abstract review as a substantive empirical article using RDD or a close related RD design
no,,Journal of Public Economics,jpubeco,Elsevier,Women leaders improve environmental outcomes: Evidence from crop fires in India,Maulik Jagnani; Meera Mahadevan,jagnani,2025,2025-07-15,10.1016/j.jpubeco.2025.105443,https://doi.org/10.1016/j.jpubeco.2025.105443,https://openalex.org/W4412431150,248,,105443,105443,https://doi.org/10.1016/j.jpubeco.2025.105443,True,hybrid,regression discontinuity; regression discontinuity design,abstract,regression discontinuity; regression discontinuity design,search,openalex,download skipped by config,economics,include,kept after title/abstract review as a substantive empirical article using RDD or a close related RD design
no,,Journal of Public Economics,jpubeco,Elsevier,“Not ready” as a productive wake-up call: Do second chances improve human capital investments?,Thorbjørn Sejr Guul; Søren Albeck Nielsen,guul,2026,2026-01-06,10.1016/j.jpubeco.2025.105563,https://doi.org/10.1016/j.jpubeco.2025.105563,https://openalex.org/W7119091315,254,,105563,105563,https://doi.org/10.1016/j.jpubeco.2025.105563,True,hybrid,regression discontinuity; regression discontinuity design,abstract,regression discontinuity; regression discontinuity design,search,openalex,download skipped by config,economics,include,kept after title/abstract review as a substantive empirical article using RDD or a close related RD design
no,,Journal of Public Economics,jpubeco,Elsevier,Estimating intergenerational returns to medical care: New evidence from at-risk newborns,Damian Clarke; Nicolas Lillo Bustos; Kathya Tapia Schythe,clarke,2026,2026-02-20,10.1016/j.jpubeco.2026.105597,https://doi.org/10.1016/j.jpubeco.2026.105597,https://openalex.org/W7130714562,256,,105597,105597,https://doi.org/10.1016/j.jpubeco.2026.105597,True,hybrid,regression discontinuity; regression discontinuity design,abstract,regression discontinuity; regression discontinuity design,search,openalex,download skipped by config,economics,include,kept after title/abstract review as a substantive empirical article using RDD or a close related RD design
no,,Journal of the European Economic Association,jeea,Oxford University Press,Coordination and Incumbency Advantage in Multi-Party Systems—Evidence from French Elections,Kevin Dano; Francesco Ferlenga; Vincenzo Galasso; Caroline Le Pennec; Vincent Pons,dano,2025,2025-01-15,10.1093/jeea/jvaf001,https://doi.org/10.1093/jeea/jvaf001,https://openalex.org/W4406408717,23,4,1563,1597,https://doi.org/10.1093/jeea/jvaf001,False,closed,RDD; regression discontinuity; regression discontinuity design,abstract,RDD; regression discontinuity; regression discontinuity design,search,openalex,download skipped by config,economics,include,kept after title/abstract review as a substantive empirical article using RDD or a close related RD design
no,,Journal of the European Economic Association,jeea,Oxford University Press,"Spending Limits, Public Funding, and Election Outcomes",Nikolaj Broberg; Vincent Pons; Clémence Tricaud,broberg,2025,2025-10-02,10.1093/jeea/jvaf043,https://doi.org/10.1093/jeea/jvaf043,https://openalex.org/W4414785160,,,,,https://doi.org/10.1093/jeea/jvaf043,False,closed,RDD,abstract,RDD,search,openalex,download skipped by config,economics,include,kept after title/abstract review as a substantive empirical article using RDD or a close related RD design
no,,The Economic Journal,ej,Oxford University Press,Dating the Lender of Last Resort,Kilian Rieder; M. Anson; David Bholat; Ryland Thomas,rieder,2022,2022-12-24,10.1093/ej/ueac089,https://doi.org/10.1093/ej/ueac089,https://openalex.org/W4312120368,133,652,1657,1676,https://doi.org/10.1093/ej/ueac089,False,closed,regression discontinuity,abstract,regression discontinuity,search,openalex,download skipped by config,economics,include,kept after title/abstract review as a substantive empirical article using RDD or a close related RD design
no,,The Economic Journal,ej,Oxford University Press,Formal Employment and Organised Crime: Regression Discontinuity Evidence from Colombia,Gaurav Khanna; Carlos Medina; Anant Nyshadham; Jorge Tamayo; Nicolás Torres,khanna,2023,2023-04-04,10.1093/ej/uead025,https://doi.org/10.1093/ej/uead025,https://openalex.org/W3209601581,133,654,2427,2448,https://doi.org/10.1093/ej/uead025,False,closed,regression discontinuity,abstract; title,regression discontinuity; regression discontinuity design,bibliographic; search; title_search,crossref; openalex,download skipped by config,economics,include,kept after title/abstract review as a substantive empirical article using RDD or a close related RD design
no,,The Economic Journal,ej,Oxford University Press,"Trade-Offs of Attending Better Schools: Achievement, Self-Perceptions and Educational Trajectories",Raissa Fabregas,fabregas,2023,2023-06-10,10.1093/ej/uead042,https://doi.org/10.1093/ej/uead042,https://openalex.org/W4380574510,133,655,2709,2737,https://doi.org/10.1093/ej/uead042,False,closed,regression discontinuity; regression discontinuity design,abstract,regression discontinuity; regression discontinuity design,search,openalex,download skipped by config,economics,include,kept after title/abstract review as a substantive empirical article using RDD or a close related RD design
no,,The Economic Journal,ej,Oxford University Press,"Higher-Achievement Schools, Peers and Mental Health",Aline Bütikofer; Rita Ginja; Katrine Vellesen Løken; Fanny Landaud,butikofer,2023,2023-06-26,10.1093/ej/uead048,https://doi.org/10.1093/ej/uead048,https://openalex.org/W4382284168,133,655,2580,2613,https://doi.org/10.1093/ej/uead048,False,closed,regression discontinuity,abstract,regression discontinuity,search,openalex,download skipped by config,economics,include,kept after title/abstract review as a substantive empirical article using RDD or a close related RD design
no,,The Economic Journal,ej,Oxford University Press,Is Digital Credit Filling a Hole or Digging a Hole? Evidence from Malawi,Valentina Brailovskaya; Pascaline Dupas; Jonathan Robinson,brailovskaya,2023,2023-10-06,10.1093/ej/uead083,https://doi.org/10.1093/ej/uead083,https://openalex.org/W4387425999,134,658,457,484,https://doi.org/10.1093/ej/uead083,True,hybrid,regression discontinuity,abstract,RDD; regression discontinuity; regression discontinuity design,search,openalex,download skipped by config,economics,include,kept after title/abstract review as a substantive empirical article using RDD or a close related RD design
no,,The Economic Journal,ej,Oxford University Press,The Political Legacy of Nazi Annexation,Mario Cannella; Alexey Makarin; Ricardo Piqué,cannella,2024,2024-01-29,10.1093/ej/ueae009,https://doi.org/10.1093/ej/ueae009,https://openalex.org/W4391309310,134,661,1721,1759,https://doi.org/10.1093/ej/ueae009,False,closed,regression discontinuity; regression discontinuity design,abstract,regression discontinuity; regression discontinuity design,search,openalex,download skipped by config,economics,include,kept after title/abstract review as a substantive empirical article using RDD or a close related RD design
no,,The Economic Journal,ej,Oxford University Press,Long-Term Effects of Equal Sharing: Evidence from Inheritance Rules for Land,Charlotte Bartels; Simon Jäger; Natalie Obergruber,bartels,2024,2024-05-21,10.1093/ej/ueae040,https://doi.org/10.1093/ej/ueae040,https://openalex.org/W3145941947,134,664,3137,3172,https://doi.org/10.1093/ej/ueae040,False,closed,regression discontinuity; regression discontinuity design,abstract,regression discontinuity; regression discontinuity design,search,openalex,download skipped by config,economics,include,kept after title/abstract review as a substantive empirical article using RDD or a close related RD design
no,,The Economic Journal,ej,Oxford University Press,Vaccines and Verdicts: How Smallpox Court Decisions Affect Anti-Vaccine Discourse and Mortality,Paul A. Brehm; Martín Saavedra,brehm,2024,2024-12-19,10.1093/ej/ueae118,https://doi.org/10.1093/ej/ueae118,https://openalex.org/W4405618593,135,668,1229,1260,https://doi.org/10.1093/ej/ueae118,False,closed,regression-discontinuity,abstract,regression discontinuity,search,openalex,download skipped by config,economics,include,kept after title/abstract review as a substantive empirical article using RDD or a close related RD design
no,,The Economic Journal,ej,Oxford University Press,Learning About Opportunity: Spillovers of Elite School Admissions in Peru,Ricardo Estrada; Jérémie Gignoux; Agustina Hatrick,estrada,2025,2025-04-30,10.1093/ej/ueaf034,https://doi.org/10.1093/ej/ueaf034,https://openalex.org/W3154633407,135,671,2220,2241,https://doi.org/10.1093/ej/ueaf034,False,closed,regression discontinuity; regression discontinuity design,abstract,regression discontinuity; regression discontinuity design,search,openalex,download skipped by config,economics,include,kept after title/abstract review as a substantive empirical article using RDD or a close related RD design
no,,The Economic Journal,ej,Oxford University Press,Firm Responses to Tax Audits: Regression Discontinuity Evidence from a Threshold-Based Audit Program,Haonan Li; Xuan Wang,li,2025,2025-07-17,10.1093/ej/ueaf060,https://doi.org/10.1093/ej/ueaf060,https://openalex.org/W4413075600,136,674,560,601,https://doi.org/10.1093/ej/ueaf060,False,closed,regression discontinuity; regression discontinuity design,abstract; title,regression discontinuity; regression discontinuity design,bibliographic; search; title_search,crossref; openalex,download skipped by config,economics,include,kept after title/abstract review as a substantive empirical article using RDD or a close related RD design
no,,The Quarterly Journal of Economics,qje,Oxford University Press,"Affirmative Action, Mismatch, and Economic Mobility after California’s Proposition 209",Zachary Bleemer,bleemer,2021,2021-08-12,10.1093/qje/qjab027,https://doi.org/10.1093/qje/qjab027,https://openalex.org/W3135767981,137,1,115,160,https://doi.org/10.1093/qje/qjab027,False,closed,regression discontinuity,abstract,regression discontinuity; regression discontinuity design,search,openalex,download skipped by config,economics,include,kept after title/abstract review as a substantive empirical article using RDD or a close related RD design
no,,The Quarterly Journal of Economics,qje,Oxford University Press,Does Welfare Prevent Crime? the Criminal Justice Outcomes of Youth Removed from Ssi,Manasi Deshpande; Michael Mueller‐Smith,deshpande,2022,2022-04-14,10.1093/qje/qjac017,https://doi.org/10.1093/qje/qjac017,https://openalex.org/W4225713920,137,4,2263,2307,https://doi.org/10.1093/qje/qjac017,False,closed,regression discontinuity; regression discontinuity design,abstract,regression discontinuity; regression discontinuity design,search,openalex,download skipped by config,economics,include,kept after title/abstract review as a substantive empirical article using RDD or a close related RD design
no,,The Quarterly Journal of Economics,qje,Oxford University Press,Army Service in the All-Volunteer Era,Kyle Greenberg; Matthew Gudgeon; Adam Isen; Corbin Miller; R. W. Patterson,greenberg,2022,2022-06-23,10.1093/qje/qjac026,https://doi.org/10.1093/qje/qjac026,https://openalex.org/W4283451550,137,4,2363,2418,https://doi.org/10.1093/qje/qjac026,False,closed,regression discontinuity; regression discontinuity design,abstract,regression discontinuity; regression discontinuity design,search,openalex,download skipped by config,economics,include,kept after title/abstract review as a substantive empirical article using RDD or a close related RD design
no,,The Quarterly Journal of Economics,qje,Oxford University Press,Jim Crow and Black Economic Progress after Slavery,Lukas Althoff; Hugo Reichardt,althoff,2024,2024-07-18,10.1093/qje/qjae023,https://doi.org/10.1093/qje/qjae023,https://openalex.org/W4401040663,139,4,2279,2330,https://doi.org/10.1093/qje/qjae023,True,hybrid,regression discontinuity; regression discontinuity design,abstract,regression discontinuity; regression discontinuity design,search,openalex,download skipped by config,economics,include,kept after title/abstract review as a substantive empirical article using RDD or a close related RD design
no,,The Quarterly Journal of Economics,qje,Oxford University Press,“Descended from Immigrants and Revolutionists”: How Family History Shapes Immigration Policy Making,James Feigenbaum; Maxwell Palmer; Benjamin Schneer,feigenbaum,2025,2025-03-12,10.1093/qje/qjaf017,https://doi.org/10.1093/qje/qjaf017,https://openalex.org/W4408349420,140,3,2381,2457,https://doi.org/10.1093/qje/qjaf017,True,hybrid,regression discontinuity; regression discontinuity design,abstract,regression discontinuity; regression discontinuity design,search,openalex,download skipped by config,economics,include,kept after title/abstract review as a substantive empirical article using RDD or a close related RD design
no,,The Quarterly Journal of Economics,qje,Oxford University Press,Political Foundations of Racial Violence in the Post-Reconstruction South,Patrick Testa; Jhacova Williams,testa,2025,2025-09-04,10.1093/qje/qjaf045,https://doi.org/10.1093/qje/qjaf045,https://openalex.org/W4414048699,141,1,733,794,https://doi.org/10.1093/qje/qjaf045,False,closed,regression discontinuity; regression discontinuity design,abstract,regression discontinuity; regression discontinuity design,search,openalex,download skipped by config,economics,include,kept after title/abstract review as a substantive empirical article using RDD or a close related RD design
no,,The Review of Economic Studies,restud,Oxford University Press,Using Bid Rotation and Incumbency to Detect Collusion: A Regression Discontinuity Approach,Kei Kawai; Jun Nakabayashi; Juan Ortner; Sylvain Chassang,kawai,2022,2022-02-28,10.1093/restud/rdac013,https://doi.org/10.1093/restud/rdac013,https://openalex.org/W4214580494,90,1,376,403,https://doi.org/10.1093/restud/rdac013,True,bronze,regression discontinuity,title,regression discontinuity; regression discontinuity design,bibliographic; search; title_search,crossref; openalex,download skipped by config,economics,include,kept after title/abstract review as a substantive empirical article using RDD or a close related RD design
no,,The Review of Economic Studies,restud,Oxford University Press,Electoral Turnovers,Benjamin Marx; Vincent Pons; Vincent Rollet,marx,2024,2024-11-08,10.1093/restud/rdae108,https://doi.org/10.1093/restud/rdae108,https://openalex.org/W4404328485,92,5,3306,3339,https://doi.org/10.1093/restud/rdae108,False,closed,regression discontinuity; regression discontinuity design,abstract,regression discontinuity; regression discontinuity design,search,openalex,download skipped by config,economics,include,kept after title/abstract review as a substantive empirical article using RDD or a close related RD design
no,,The Review of Economic Studies,restud,Oxford University Press,The Micro and Macro Effects of Changes in the Potential Benefit Duration,Jonas Jessen; Robin Jessen; Ewa Gałecka‐Burdziak; Marek Góra; Jochen Kluve,jessen,2025,2025-07-14,10.1093/restud/rdaf056,https://doi.org/10.1093/restud/rdaf056,https://openalex.org/W4413097537,,,,,https://doi.org/10.1093/restud/rdaf056,False,closed,regression discontinuity,abstract,regression discontinuity,search,openalex,download skipped by config,economics,include,kept after title/abstract review as a substantive empirical article using RDD or a close related RD design
no,,The Review of Economics and Statistics,restat,MIT Press,The Effects of Career and Technical Education: Evidence from the Connecticut Technical High School System,Eric J. Brunner; Shaun M. Dougherty; Stephen L. Ross,brunner,2021,2021-08-12,10.1162/rest_a_01098,https://doi.org/10.1162/rest_a_01098,https://openalex.org/W4229493985,105,4,867,882,https://doi.org/10.1162/rest_a_01098,False,closed,regression discontinuity,abstract,regression discontinuity,search,openalex,download skipped by config,economics,include,kept after title/abstract review as a substantive empirical article using RDD or a close related RD design
no,,The Review of Economics and Statistics,restat,MIT Press,Gender Differences in Politician Persistence,Melanie Wasserman,wasserman,2021,2021-09-22,10.1162/rest_a_01099,https://doi.org/10.1162/rest_a_01099,https://openalex.org/W3198991500,105,2,275,291,https://doi.org/10.1162/rest_a_01099,False,closed,regression discontinuity,abstract,regression discontinuity,search,openalex,download skipped by config,economics,include,kept after title/abstract review as a substantive empirical article using RDD or a close related RD design
no,,The Review of Economics and Statistics,restat,MIT Press,Do Academically Struggling Students Benefit from Continued Student Loan Access? Evidence from University and Beyond,Yu‐Wei Luke Chu; Harold E. Cuffe,chu,2021,2021-12-22,10.1162/rest_a_01144,https://doi.org/10.1162/rest_a_01144,https://openalex.org/W4200427884,106,1,68,84,https://figshare.com/articles/journal_contribution/Do_Academically_Struggling_Students_Benefit_From_Continued_Student_Loan_Access_Evidence_From_University_and_Beyond/21100480,True,green,regression discontinuity; regression discontinuity design,abstract,regression discontinuity; regression discontinuity design,search,openalex,download skipped by config,economics,include,kept after title/abstract review as a substantive empirical article using RDD or a close related RD design
no,,The Review of Economics and Statistics,restat,MIT Press,How Sticky Is Retirement Behavior in the United States?,Manasi Deshpande; Itzik Fadlon; Colin Gray,deshpande,2021,2021-12-22,10.1162/rest_a_01151,https://doi.org/10.1162/rest_a_01151,https://openalex.org/W4200145063,106,2,370,383,https://doi.org/10.1162/rest_a_01151,False,closed,regression-discontinuity; regression-discontinuity design,abstract,regression discontinuity; regression discontinuity design,search,openalex,download skipped by config,economics,include,kept after title/abstract review as a substantive empirical article using RDD or a close related RD design
no,,The Review of Economics and Statistics,restat,MIT Press,Economic Distress and Electoral Consequences: Evidence from Appalachia,Daniel Firoozi,firoozi,2022,2022-03-25,10.1162/rest_a_01184,https://doi.org/10.1162/rest_a_01184,https://openalex.org/W4220914285,106,3,778,793,https://doi.org/10.1162/rest_a_01184,False,closed,regression discontinuity; regression discontinuity design,abstract,regression discontinuity; regression discontinuity design,search,openalex,download skipped by config,economics,include,kept after title/abstract review as a substantive empirical article using RDD or a close related RD design
no,,The Review of Economics and Statistics,restat,MIT Press,The Targeting and Impact of Partisan Gerrymandering: Evidence from a Legislative Discontinuity,Dahyeon Jeong; Ajay Shenoy,jeong,2022,2022-05-16,10.1162/rest_a_01204,https://doi.org/10.1162/rest_a_01204,https://openalex.org/W4280501354,106,3,814,828,https://doi.org/10.1162/rest_a_01204,False,closed,regression discontinuity,abstract,regression discontinuity; regression discontinuity design,bibliographic; search,crossref; openalex,download skipped by config,economics,include,kept after title/abstract review as a substantive empirical article using RDD or a close related RD design
no,,The Review of Economics and Statistics,restat,MIT Press,Language Training and Refugees’ Integration,Mette Foged; Linea Hasager; Giovanni Peri; Jacob Nielsen Arendt; Iben Bolvig,foged,2022,2022-06-23,10.1162/rest_a_01216,https://doi.org/10.1162/rest_a_01216,https://openalex.org/W3140287335,106,4,1157,1166,https://doi.org/10.1162/rest_a_01216,False,closed,regression discontinuity; regression discontinuity design,abstract,regression discontinuity; regression discontinuity design,search,openalex,download skipped by config,economics,include,kept after title/abstract review as a substantive empirical article using RDD or a close related RD design
no,,The Review of Economics and Statistics,restat,MIT Press,Public Health Policy at Scale: Impact of a Government-Sponsored Information Campaign on Infant Mortality in Denmark,Onur Altındağ; Jane Greve; Erdal Tekin,altndag,2022,2022-06-23,10.1162/rest_a_01211,https://doi.org/10.1162/rest_a_01211,https://openalex.org/W4283394310,106,3,882,893,https://doi.org/10.1162/rest_a_01211,False,closed,regression discontinuity,abstract,regression discontinuity; regression discontinuity design,search,openalex,download skipped by config,economics,include,kept after title/abstract review as a substantive empirical article using RDD or a close related RD design
no,,The Review of Economics and Statistics,restat,MIT Press,The Causal Effects of R&amp;D Grants: Evidence from a Regression Discontinuity,Pietro Santoleri; Andrea Mina; Alberto Di Minin; Irene Martelli,santoleri,2022,2022-07-28,10.1162/rest_a_01233,https://doi.org/10.1162/rest_a_01233,https://openalex.org/W4288451172,106,6,1495,1510,https://doi.org/10.1162/rest_a_01233,False,closed,regression discontinuity,title,regression discontinuity; regression discontinuity design,bibliographic; search; title_search,crossref; openalex,download skipped by config,economics,include,kept after title/abstract review as a substantive empirical article using RDD or a close related RD design
no,,The Review of Economics and Statistics,restat,MIT Press,Focused Interventions and Test Score Fade-Out,Michael Gilraine; Jeffrey Penney,gilraine,2023,2023-02-07,10.1162/rest_a_01299,https://doi.org/10.1162/rest_a_01299,https://openalex.org/W4319339815,107,2,570,579,https://doi.org/10.1162/rest_a_01299,False,closed,regression discontinuity; regression discontinuity design,abstract,regression discontinuity; regression discontinuity design,search,openalex,download skipped by config,economics,include,kept after title/abstract review as a substantive empirical article using RDD or a close related RD design
no,,The Review of Economics and Statistics,restat,MIT Press,Women in Political Bodies as Policymakers,Thushyanthan Baskaran; Zohal Hessami,baskaran,2023,2023-07-31,10.1162/rest_a_01352,https://doi.org/10.1162/rest_a_01352,https://openalex.org/W4385409824,107,6,1501,1517,https://doi.org/10.1162/rest_a_01352,False,closed,RDD,abstract,RDD,search,openalex,download skipped by config,economics,include,kept after title/abstract review as a substantive empirical article using RDD or a close related RD design
no,,The Review of Economics and Statistics,restat,MIT Press,Family-Leave Mandates and Female Labor at U.S. Firms: Evidence from a Trade Shock,Fariha Kamal; Asha Sundaram; Cristina Tello-Trillo,kamal,2024,2024-03-18,10.1162/rest_a_01436,https://doi.org/10.1162/rest_a_01436,https://openalex.org/W3128893709,,,1,50,http://dx.doi.org/10.1162/rest_a_01436,False,closed,regression discontinuity,abstract,regression discontinuity,search,openalex,download skipped by config,economics,include,kept after title/abstract review as a substantive empirical article using RDD or a close related RD design
no,,The Review of Economics and Statistics,restat,MIT Press,"Public School Funding, School Quality, and Adult Crime",E. Jason Baron; Joshua E. Hyman; Brittany Vasquez,baron,2024,2024-05-06,10.1162/rest_a_01452,https://doi.org/10.1162/rest_a_01452,https://openalex.org/W4396668392,,,1,18,https://doi.org/10.1162/rest_a_01452,False,closed,regression discontinuity,abstract,regression discontinuity; regression discontinuity design,search,openalex,download skipped by config,economics,include,kept after title/abstract review as a substantive empirical article using RDD or a close related RD design
no,,The Review of Economics and Statistics,restat,MIT Press,Individualized Benefits and Access to Active Labor Market Programs Boost Refugee Women's Economic Integration,Cristina Bratu; Linna Martén; Lillit Ottosson,bratu,2025,2025-01-28,10.1162/rest_a_01554,https://doi.org/10.1162/rest_a_01554,https://openalex.org/W4406973342,,,1,35,https://doi.org/10.1162/rest_a_01554,False,closed,regression discontinuity; regression discontinuity design,abstract,regression discontinuity; regression discontinuity design,search,openalex,download skipped by config,economics,include,kept after title/abstract review as a substantive empirical article using RDD or a close related RD design
no,,The Review of Economics and Statistics,restat,MIT Press,Safer in School? The Impact of Compulsory Schooling on Maltreatment and Associated Harms,Adam A Dzulkipli; Nicole Black; David Johnston; Leonie Segal,dzulkipli,2025,2025-09-09,10.1162/rest.a.280,https://doi.org/10.1162/rest.a.280,https://openalex.org/W4414157679,,,1,40,https://doi.org/10.1162/rest.a.280,False,closed,regression-discontinuity,abstract,regression discontinuity,search,openalex,download skipped by config,economics,include,kept after title/abstract review as a substantive empirical article using RDD or a close related RD design
no,,The Review of Economics and Statistics,restat,MIT Press,Signaling Specific Skills and the Labor Market of College Graduates,Matí­as Busso; Sebastián Montaño; Juan Muñoz-Morales,busso,2025,2025-10-27,10.1162/rest.a.1635,https://doi.org/10.1162/rest.a.1635,https://openalex.org/W4415598670,,,1,46,https://hal.science/hal-05490569,True,green,regression discontinuity; regression discontinuity design,abstract,regression discontinuity; regression discontinuity design,search,openalex,download skipped by config,economics,include,kept after title/abstract review as a substantive empirical article using RDD or a close related RD design
no,,The Review of Economics and Statistics,restat,MIT Press,Returns to Political Contributions in Local Housing Markets,Rui Yu,yu,2026,2026-03-24,10.1162/rest.a.1732,https://doi.org/10.1162/rest.a.1732,https://openalex.org/W7140230020,,,1,44,https://doi.org/10.1162/rest.a.1732,False,closed,regression discontinuity; regression discontinuity design,abstract,regression discontinuity; regression discontinuity design,search,openalex,download skipped by config,economics,include,kept after title/abstract review as a substantive empirical article using RDD or a close related RD design
no,,British Journal of Political Science,bjps,Cambridge University Press,How Do Violent Politicians Govern? The Case of Paramilitary-Tied Mayors in Colombia,Sarah Zukerman Daly,daly,2021,2021-12-06,10.1017/s0007123421000521,https://doi.org/10.1017/s0007123421000521,https://openalex.org/W4200202845,52,4,1852,1875,https://doi.org/10.1017/s0007123421000521,False,closed,regression discontinuity; regression discontinuity design,abstract,regression discontinuity; regression discontinuity design,search,openalex,download skipped by config,political_science,include,kept after title/abstract review as a substantive empirical article using RDD or a close related RD design
no,,British Journal of Political Science,bjps,Cambridge University Press,Commodity Shocks and Incumbency Effects,Lucas M. Novaes; Luis Schiumerini,novaes,2021,2021-12-17,10.1017/s0007123421000478,https://doi.org/10.1017/s0007123421000478,https://openalex.org/W4200533772,52,4,1689,1708,https://doi.org/10.1017/s0007123421000478,False,closed,regression discontinuity; regression discontinuity design,abstract,regression discontinuity; regression discontinuity design,search,openalex,download skipped by config,political_science,include,kept after title/abstract review as a substantive empirical article using RDD or a close related RD design
no,,British Journal of Political Science,bjps,Cambridge University Press,Granting Immigrants the Right to Vote in National Elections: Empirical Evidence from Swedish Administrative Data,Linuz Aggeborn; Henrik Andersson; Sirus H. Dehdari; Karl‐Oskar Lindgren,aggeborn,2023,2023-12-22,10.1017/s0007123423000509,https://doi.org/10.1017/s0007123423000509,https://openalex.org/W4390112938,54,3,712,729,https://doi.org/10.1017/s0007123423000509,True,hybrid,RDD; regression discontinuity; regression discontinuity design,abstract,RDD; regression discontinuity; regression discontinuity design,search,openalex,download skipped by config,political_science,include,kept after title/abstract review as a substantive empirical article using RDD or a close related RD design
no,,British Journal of Political Science,bjps,Cambridge University Press,Evaluating the Minority Candidate Penalty with a Regression Discontinuity Approach,Ariel White; Paru Shah; Eric Gonzalez Juenke; Bernard L. Fraga,white,2024,2024-01-08,10.1017/s0007123423000583,https://doi.org/10.1017/s0007123423000583,https://openalex.org/W4390669478,54,3,1006,1013,https://doi.org/10.1017/s0007123423000583,True,hybrid,regression discontinuity; regression discontinuity design,abstract; title,RDD; regression discontinuity; regression discontinuity design,bibliographic; search; title_search,crossref; openalex,download skipped by config,political_science,include,kept after title/abstract review as a substantive empirical article using RDD or a close related RD design
no,,British Journal of Political Science,bjps,Cambridge University Press,Quality Not Quantity: How a VAA Affected Voting Behavior in Three Large-Scale Field Experiments,Joris Frese; Simon Hix; Romain Lachat,frese,2025,2025-01-01,10.1017/s000712342510118x,https://doi.org/10.1017/s000712342510118x,https://openalex.org/W7115904200,55,,,,https://doi.org/10.1017/s000712342510118x,True,diamond,regression discontinuity; regression discontinuity design,abstract,RDD; regression discontinuity; regression discontinuity design,search,openalex,download skipped by config,political_science,include,kept after title/abstract review as a substantive empirical article using RDD or a close related RD design
no,,British Journal of Political Science,bjps,Cambridge University Press,Left-Wing Governments and Far-Right Success,Albert Falcó-Gimeno; Ignacio Jurado; Markus Wagner,falco_gimeno,2026,2026-01-01,10.1017/s0007123425101208,https://doi.org/10.1017/s0007123425101208,https://openalex.org/W7125455382,56,,,,https://doi.org/10.1017/s0007123425101208,True,diamond,RDD; regression discontinuity; regression discontinuity design,abstract,RDD; regression discontinuity; regression discontinuity design,search,openalex,download skipped by config,political_science,include,kept after title/abstract review as a substantive empirical article using RDD or a close related RD design
no,,Comparative Political Studies,cps,SAGE,"When Running for Office Runs in the Family: Horizontal Dynasties, Policy, and Development in the Philippines",Dean Dulay; Laurence Go,dulay,2021,2021-08-31,10.1177/00104140211024292,https://doi.org/10.1177/00104140211024292,https://openalex.org/W3184981468,55,4,588,627,https://doi.org/10.1177/00104140211024292,False,closed,regression discontinuity; regression discontinuity design,abstract,regression discontinuity; regression discontinuity design,search,openalex,download skipped by config,political_science,include,kept after title/abstract review as a substantive empirical article using RDD or a close related RD design
no,,Comparative Political Studies,cps,SAGE,"Partisanship as Cause, Not Consequence, of Participation",Eli G. Rau,rau,2021,2021-10-27,10.1177/00104140211047406,https://doi.org/10.1177/00104140211047406,https://openalex.org/W3208341908,55,6,1021,1058,https://doi.org/10.1177/00104140211047406,False,closed,regression discontinuity,abstract,regression discontinuity; regression discontinuity design,search,openalex,download skipped by config,political_science,include,kept after title/abstract review as a substantive empirical article using RDD or a close related RD design
no,,Comparative Political Studies,cps,SAGE,Does Compulsory Voting Affect How Voters Choose? A Test Using a Combined Conjoint and Regression Discontinuity Analysis,Shane Singh,singh,2022,2022-03-01,10.1177/00104140211066219,https://doi.org/10.1177/00104140211066219,https://openalex.org/W4221118840,55,12,2119,2143,https://doi.org/10.1177/00104140211066219,False,closed,regression discontinuity; regression discontinuity design,abstract; title,regression discontinuity; regression discontinuity design,bibliographic; search; title_search,crossref; openalex,download skipped by config,political_science,include,kept after title/abstract review as a substantive empirical article using RDD or a close related RD design
no,,Comparative Political Studies,cps,SAGE,Imperial Rule and Long-Run Development: Evidence on the Role of Human Capital in Ottoman Europe,Bogdan G. Popescu; Mircea Popa,popescu,2022,2022-05-15,10.1177/00104140211060283,https://doi.org/10.1177/00104140211060283,https://openalex.org/W4280498257,55,11,1910,1946,https://doi.org/10.1177/00104140211060283,True,hybrid,regression discontinuity,abstract,regression discontinuity,search,openalex,download skipped by config,political_science,include,kept after title/abstract review as a substantive empirical article using RDD or a close related RD design
no,,Comparative Political Studies,cps,SAGE,The Persistence of Rural Underdevelopment: Evidence from Land Reform in Italy,Michael Albertus,albertus,2022,2022-05-31,10.1177/00104140221089653,https://doi.org/10.1177/00104140221089653,https://openalex.org/W4293071549,56,1,65,100,https://doi.org/10.1177/00104140221089653,False,closed,regression discontinuity,abstract,regression discontinuity,search,openalex,download skipped by config,political_science,include,kept after title/abstract review as a substantive empirical article using RDD or a close related RD design
no,,Comparative Political Studies,cps,SAGE,War-Time Military Service Can Affect Partisan Preferences,Anna Getmansky; Chagai Weiss,getmansky,2022,2022-11-21,10.1177/00104140221141837,https://doi.org/10.1177/00104140221141837,https://openalex.org/W4309756846,56,10,1475,1505,https://doi.org/10.1177/00104140221141837,False,closed,regression discontinuity; regression discontinuity design,abstract,RDD; regression discontinuity; regression discontinuity design,search,openalex,download skipped by config,political_science,include,kept after title/abstract review as a substantive empirical article using RDD or a close related RD design
no,,Comparative Political Studies,cps,SAGE,"Ethnic Minorities, Interstate War, and Popular Support for Fiscal Capacity Development",André Walter; Patrick Emmenegger,walter,2022,2022-11-23,10.1177/00104140221139375,https://doi.org/10.1177/00104140221139375,https://openalex.org/W4309867279,56,9,1365,1397,https://doi.org/10.1177/00104140221139375,True,hybrid,regression discontinuity; regression discontinuity design,abstract,regression discontinuity; regression discontinuity design,search,openalex,download skipped by config,political_science,include,kept after title/abstract review as a substantive empirical article using RDD or a close related RD design
no,,Comparative Political Studies,cps,SAGE,Consequences of Corruption for Political System Support: Evidence From a Brazilian Scandal,David De Micheli; Whitney K. Taylor,micheli,2025,2025-05-13,10.1177/00104140251342918,https://doi.org/10.1177/00104140251342918,https://openalex.org/W4410378590,59,3,616,652,https://doi.org/10.1177/00104140251342918,False,closed,regression discontinuity,abstract,regression discontinuity,search,openalex,download skipped by config,political_science,include,kept after title/abstract review as a substantive empirical article using RDD or a close related RD design
no,,Comparative Political Studies,cps,SAGE,From Pledge to Poll: Investigating the Impact of Campaign Promises on Party Alignment,Michael Ganslmeier,ganslmeier,2025,2025-05-24,10.1177/00104140251342928,https://doi.org/10.1177/00104140251342928,https://openalex.org/W4410705951,59,4,870,899,https://doi.org/10.1177/00104140251342928,True,hybrid,regression-discontinuity; regression-discontinuity design,abstract,regression discontinuity; regression discontinuity design,search,openalex,download skipped by config,political_science,include,kept after title/abstract review as a substantive empirical article using RDD or a close related RD design
no,,Comparative Political Studies,cps,SAGE,All Politics is Local? Evidence of Local Council Incumbency Advantage in National Elections,Emanuel Coman,coman,2025,2025-08-29,10.1177/00104140251369321,https://doi.org/10.1177/00104140251369321,https://openalex.org/W4413837482,,,,,https://doi.org/10.1177/00104140251369321,True,hybrid,regression discontinuity; regression discontinuity design,abstract,regression discontinuity; regression discontinuity design,search,openalex,download skipped by config,political_science,include,kept after title/abstract review as a substantive empirical article using RDD or a close related RD design
no,,Comparative Political Studies,cps,SAGE,"Missionary Activity, Education, and Long-Run Political Development: Evidence Across Regime Types in Africa",Soeren Henn; Horacio Larreguy; Carlos Schmidt-Padilla,henn,2025,2025-08-29,10.1177/00104140251369335,https://doi.org/10.1177/00104140251369335,https://openalex.org/W4413806187,,,,,https://doi.org/10.1177/00104140251369335,False,closed,regression discontinuity; regression discontinuity design,abstract,regression discontinuity; regression discontinuity design,search,openalex,download skipped by config,political_science,include,kept after title/abstract review as a substantive empirical article using RDD or a close related RD design
no,,Comparative Political Studies,cps,SAGE,The Anti-Left Legacy of the Pinochet Dictatorship,Pablo Argote; Elsa Voytas,argote,2025,2025-10-25,10.1177/00104140251381768,https://doi.org/10.1177/00104140251381768,https://openalex.org/W4415548258,,,,,https://doi.org/10.1177/00104140251381768,False,closed,regression discontinuity,abstract,regression discontinuity,search,openalex,download skipped by config,political_science,include,kept after title/abstract review as a substantive empirical article using RDD or a close related RD design
no,,International Organization,io,Cambridge University Press,The Effect of Education on Support for International Trade: Evidence from Compulsory-Education Reforms,Omer Solodoch,solodoch,2024,2024-01-01,10.1017/s0020818324000262,https://doi.org/10.1017/s0020818324000262,https://openalex.org/W4404460146,78,4,800,822,https://doi.org/10.1017/s0020818324000262,True,hybrid,regression discontinuity; regression discontinuity design,abstract,regression discontinuity; regression discontinuity design,search,openalex,download skipped by config,political_science,include,kept after title/abstract review as a substantive empirical article using RDD or a close related RD design
no,,Political Science Research and Methods,psrm,Cambridge University Press,Am I obliged to vote? A regression discontinuity analysis of compulsory voting with ill-informed voters,Mathieu Turgeon; André Blais,turgeon,2021,2021-04-23,10.1017/psrm.2021.18,https://doi.org/10.1017/psrm.2021.18,https://openalex.org/W4234871730,11,1,207,213,https://doi.org/10.1017/psrm.2021.18,False,closed,regression discontinuity,abstract; title,regression discontinuity; regression discontinuity design,bibliographic; search; title_search,crossref; openalex,download skipped by config,political_science,include,kept after title/abstract review as a substantive empirical article using RDD or a close related RD design
no,,Political Science Research and Methods,psrm,Cambridge University Press,"Education, public support for institutions, and the separation of powers",Sivaram Cheruvu,cheruvu,2022,2022-07-12,10.1017/psrm.2022.29,https://doi.org/10.1017/psrm.2022.29,https://openalex.org/W4285023956,11,3,570,587,https://doi.org/10.1017/psrm.2022.29,True,hybrid,regression discontinuity,abstract,regression discontinuity; regression discontinuity design,search,openalex,download skipped by config,political_science,include,kept after title/abstract review as a substantive empirical article using RDD or a close related RD design
no,,Political Science Research and Methods,psrm,Cambridge University Press,The impact of university attendance on partisanship,Brendan Apfeld; Emanuel Coman; John Gerring; Stephen Jessee,apfeld,2022,2022-09-09,10.1017/psrm.2022.33,https://doi.org/10.1017/psrm.2022.33,https://openalex.org/W4295196918,12,1,45,58,https://doi.org/10.1017/psrm.2022.33,True,hybrid,regression discontinuity; regression discontinuity design,abstract,regression discontinuity; regression discontinuity design,search,openalex,download skipped by config,political_science,include,kept after title/abstract review as a substantive empirical article using RDD or a close related RD design
no,,Political Science Research and Methods,psrm,Cambridge University Press,Can political alignment reduce crime? Evidence from Chile,Carla Alberti; Diego Díaz Rioseco; Giancarlo Visconti,alberti,2022,2022-09-12,10.1017/psrm.2022.32,https://doi.org/10.1017/psrm.2022.32,https://openalex.org/W4295269426,11,2,223,236,https://doi.org/10.1017/psrm.2022.32,True,hybrid,regression discontinuity; regression discontinuity design,abstract,RDD; regression discontinuity; regression discontinuity design,search,openalex,download skipped by config,political_science,include,kept after title/abstract review as a substantive empirical article using RDD or a close related RD design
no,,Political Science Research and Methods,psrm,Cambridge University Press,Indirect rule and public goods provision: evidence from colonial India,Olga Gasparyan,gasparyan,2023,2023-08-29,10.1017/psrm.2023.31,https://doi.org/10.1017/psrm.2023.31,https://openalex.org/W4386251461,12,2,444,450,https://doi.org/10.1017/psrm.2023.31,True,hybrid,regression discontinuity; regression discontinuity design,abstract,RDD; regression discontinuity; regression discontinuity design,search,openalex,download skipped by config,political_science,include,kept after title/abstract review as a substantive empirical article using RDD or a close related RD design
no,,Political Science Research and Methods,psrm,Cambridge University Press,Strengthening mainstream consensus? The effect of radical right populist parties on the defense policies of left parties,Miku Matsunaga; Thomas Winzen,matsunaga,2024,2024-10-08,10.1017/psrm.2024.40,https://doi.org/10.1017/psrm.2024.40,https://openalex.org/W4403216151,13,3,629,644,https://doi.org/10.1017/psrm.2024.40,True,hybrid,regression discontinuity; regression discontinuity design,abstract,regression discontinuity; regression discontinuity design,search,openalex,download skipped by config,political_science,include,kept after title/abstract review as a substantive empirical article using RDD or a close related RD design
no,,Political Science Research and Methods,psrm,Cambridge University Press,Everything in moderation? The effect of extremist nominations on individual and corporate PAC fundraising,Mellissa Meisels,meisels,2025,2025-04-02,10.1017/psrm.2025.23,https://doi.org/10.1017/psrm.2025.23,https://openalex.org/W4409085713,14,2,353,369,https://doi.org/10.1017/psrm.2025.23,True,diamond,regression discontinuity; regression discontinuity design,abstract,regression discontinuity; regression discontinuity design,search,openalex,download skipped by config,political_science,include,kept after title/abstract review as a substantive empirical article using RDD or a close related RD design
no,,Political Science Research and Methods,psrm,Cambridge University Press,Does the growth of religious minorities transform electoral politics? Evidence from the evangelical boom in Brazil,Víctor Araujo,araujo,2025,2025-06-25,10.1017/psrm.2025.10025,https://doi.org/10.1017/psrm.2025.10025,https://openalex.org/W4411591508,,,1,25,https://doi.org/10.1017/psrm.2025.10025,True,diamond,regression discontinuity; regression discontinuity design,abstract,regression discontinuity; regression discontinuity design,search,openalex,download skipped by config,political_science,include,kept after title/abstract review as a substantive empirical article using RDD or a close related RD design
no,,Political Science Research and Methods,psrm,Cambridge University Press,Female mayors and violence against women: evidence from Mexico,Marco Alcocer; Rachel Skillman; Angie Torres‐Beltran,alcocer,2025,2025-07-03,10.1017/psrm.2025.10030,https://doi.org/10.1017/psrm.2025.10030,https://openalex.org/W4411970986,,,1,8,https://doi.org/10.1017/psrm.2025.10030,True,diamond,regression discontinuity; regression discontinuity design,abstract,RDD; regression discontinuity; regression discontinuity design,search,openalex,download skipped by config,political_science,include,kept after title/abstract review as a substantive empirical article using RDD or a close related RD design
no,,Political Science Research and Methods,psrm,Cambridge University Press,State mobilization and political attitudes: the legacy of maoist rural resettlement in contemporary China,Alexander Lee; Weihong Qi; Dazhong Sun,lee,2025,2025-11-12,10.1017/psrm.2025.10052,https://doi.org/10.1017/psrm.2025.10052,https://openalex.org/W4416131696,,,1,20,https://doi.org/10.1017/psrm.2025.10052,True,diamond,regression discontinuity; regression discontinuity design,abstract,regression discontinuity; regression discontinuity design,search,openalex,download skipped by config,political_science,include,kept after title/abstract review as a substantive empirical article using RDD or a close related RD design
no,,Political Science Research and Methods,psrm,Cambridge University Press,Local taxes and economic voting: evidence from city ballot measures,Jacques Courbe; Julia Payson,courbe,2026,2026-01-07,10.1017/psrm.2025.10078,https://doi.org/10.1017/psrm.2025.10078,https://openalex.org/W7119052976,,,1,14,https://doi.org/10.1017/psrm.2025.10078,True,diamond,regression discontinuity; regression discontinuity design,abstract,RDD; regression discontinuity; regression discontinuity design,search,openalex,download skipped by config,political_science,include,kept after title/abstract review as a substantive empirical article using RDD or a close related RD design
no,,Political Science Research and Methods,psrm,Cambridge University Press,Is winning the first primaries of primary importance? A regression-discontinuity approach,Jonne Kamphorst; Alexander John Mahesh Davenport; Marcus Immonen Hagley; Elias Dinas; Arnout van de Rijt,kamphorst,2026,2026-03-26,10.1017/psrm.2026.10096,https://doi.org/10.1017/psrm.2026.10096,https://openalex.org/W7140373642,,,1,17,https://doi.org/10.1017/psrm.2026.10096,True,diamond,regression-discontinuity; regression-discontinuity design,abstract; title,RDD; regression discontinuity; regression discontinuity design,bibliographic; search; title_search,crossref; openalex,download skipped by config,political_science,include,kept after title/abstract review as a substantive empirical article using RDD or a close related RD design
no,,Quarterly Journal of Political Science,qjps,Now Publishers,Do Newspapers Benefit Incumbents? Evidence from Denmark 1849−1915,Alexander Fouirnaies,fouirnaies,2021,2021-10-18,10.1561/100.00019054,https://doi.org/10.1561/100.00019054,https://openalex.org/W3207364578,16,4,505,532,https://doi.org/10.1561/100.00019054,False,closed,regression-discontinuity,abstract,regression discontinuity,search,openalex,download skipped by config,political_science,include,kept after title/abstract review as a substantive empirical article using RDD or a close related RD design
no,,Quarterly Journal of Political Science,qjps,Now Publishers,The Rank Effect in Multimember District Elections,BK Song,song,2022,2022-07-26,10.1561/100.00021045,https://doi.org/10.1561/100.00021045,https://openalex.org/W4287988129,17,4,547,575,https://doi.org/10.1561/100.00021045,False,closed,regression discontinuity; regression discontinuity design,abstract,regression discontinuity; regression discontinuity design,search,openalex,download skipped by config,political_science,include,kept after title/abstract review as a substantive empirical article using RDD or a close related RD design
no,,World Politics,wp,Cambridge University Press,Government Spending and Voting Behavior,Anselm Hager; Hanno Hilbig,hager,2024,2024-01-01,10.1353/wp.2024.a916342,https://doi.org/10.1353/wp.2024.a916342,https://openalex.org/W4390614305,76,1,88,124,http://dx.doi.org/10.1353/wp.2024.a916342,False,closed,regression discontinuity; regression discontinuity design,abstract,regression discontinuity; regression discontinuity design,search,openalex,download skipped by config,political_science,include,kept after title/abstract review as a substantive empirical article using RDD or a close related RD design
